date,value_m_u_nn,quality
2018-01-01,510.950,official
2018-01-02,510.950,official
2018-01-03,510.980,official
2018-01-04,511.020,official
2018-01-05,511.080,official
2018-01-06,511.140,official
2018-01-07,511.200,official
2018-01-08,511.230,official
2018-01-09,511.240,official
2018-01-10,511.250,official
2018-01-11,511.250,official
2018-01-12,511.250,official
2018-01-13,511.250,official
2018-01-14,511.240,official
2018-01-15,511.240,official
2018-01-16,511.250,official
2018-01-17,511.260,official
2018-01-18,511.250,official
2018-01-19,511.270,official
2018-01-20,511.260,official
2018-01-21,511.270,official
2018-01-22,511.280,official
2018-01-23,511.320,official
2018-01-24,511.340,official
2018-01-25,511.390,official
2018-01-26,511.420,official
2018-01-27,511.440,official
2018-01-28,511.450,official
2018-01-29,511.450,official
2018-01-30,511.450,official
2018-01-31,511.450,official
2018-02-01,511.450,official
2018-02-02,511.450,official
2018-02-03,511.440,official
2018-02-04,511.430,official
2018-02-05,511.420,official
2018-02-06,511.420,official
2018-02-07,511.410,official
2018-02-08,511.400,official
2018-02-09,511.400,official
2018-02-10,511.390,official
2018-02-11,511.380,official
2018-02-12,511.380,official
2018-02-13,511.370,official
2018-02-14,511.370,official
2018-02-15,511.360,official
2018-02-16,511.370,official
2018-02-17,511.370,official
2018-02-18,511.360,official
2018-02-19,511.360,official
2018-02-20,511.360,official
2018-02-21,511.360,official
2018-02-22,511.360,official
2018-02-23,511.360,official
2018-02-24,511.360,official
2018-02-25,511.360,official
2018-02-26,511.350,official
2018-02-27,511.350,official
2018-02-28,511.340,official
2018-03-01,511.340,official
2018-03-02,511.340,official
2018-03-03,511.330,official
2018-03-04,511.330,official
2018-03-05,511.330,official
2018-03-06,511.320,official
2018-03-07,511.320,official
2018-03-08,511.310,official
2018-03-09,511.310,official
2018-03-10,511.310,official
2018-03-11,511.307,interpolated
2018-03-12,511.303,interpolated
2018-03-13,511.300,official
2018-03-14,511.290,official
2018-03-15,511.290,official
2018-03-16,511.290,official
2018-03-17,511.280,official
2018-03-18,511.280,official
2018-03-19,511.280,official
2018-03-20,511.270,official
2018-03-21,511.270,official
2018-03-22,511.270,official
2018-03-23,511.270,official
2018-03-24,511.260,official
2018-03-25,511.260,official
2018-03-26,511.250,official
2018-03-27,511.250,official
2018-03-28,511.250,official
2018-03-29,511.250,official
2018-03-30,511.250,official
2018-03-31,511.240,official
2018-04-01,511.240,official
2018-04-02,511.230,official
2018-04-03,511.230,official
2018-04-04,511.230,official
2018-04-05,511.220,official
2018-04-06,511.220,official
2018-04-07,511.220,official
2018-04-08,511.210,official
2018-04-09,511.210,official
2018-04-10,511.200,official
2018-04-11,511.190,official
2018-04-12,511.190,official
2018-04-13,511.180,official
2018-04-14,511.180,official
2018-04-15,511.180,official
2018-04-16,511.180,official
2018-04-17,511.170,official
2018-04-18,511.170,official
2018-04-19,511.160,official
2018-04-20,511.150,official
2018-04-21,511.150,official
2018-04-22,511.150,official
2018-04-23,511.140,official
2018-04-24,511.140,official
2018-04-25,511.130,official
2018-04-26,511.130,official
2018-04-27,511.120,official
2018-04-28,511.120,official
2018-04-29,511.110,official
2018-04-30,511.110,official
2018-05-01,511.100,official
2018-05-02,511.100,official
2018-05-03,511.090,official
2018-05-04,511.070,official
2018-05-05,511.060,official
2018-05-06,511.050,official
2018-05-07,511.040,official
2018-05-08,511.040,official
2018-05-09,511.030,official
2018-05-10,511.030,official
2018-05-11,511.030,official
2018-05-12,511.030,official
2018-05-13,511.020,official
2018-05-14,511.020,official
2018-05-15,511.020,official
2018-05-16,511.040,official
2018-05-17,511.060,official
2018-05-18,511.060,official
2018-05-19,511.050,official
2018-05-20,511.070,official
2018-05-21,511.060,official
2018-05-22,511.060,official
2018-05-23,511.060,official
2018-05-24,511.060,official
2018-05-25,511.060,official
2018-05-26,511.050,official
2018-05-27,511.050,official
2018-05-28,511.040,official
2018-05-29,511.040,official
2018-05-30,511.030,official
2018-05-31,511.030,official
2018-06-01,511.030,official
2018-06-02,511.020,official
2018-06-03,511.010,official
2018-06-04,511.000,official
2018-06-05,510.980,official
2018-06-06,510.960,official
2018-06-07,510.970,official
2018-06-08,510.970,official
2018-06-09,510.970,official
2018-06-10,510.980,official
2018-06-11,510.970,official
2018-06-12,510.970,official
2018-06-13,511.010,official
2018-06-14,511.020,official
2018-06-15,511.020,official
2018-06-16,511.020,official
2018-06-17,511.010,official
2018-06-18,511.010,official
2018-06-19,511.010,official
2018-06-20,511.000,official
2018-06-21,511.000,official
2018-06-22,511.000,official
2018-06-23,510.990,official
2018-06-24,510.970,official
2018-06-25,510.970,official
2018-06-26,510.960,official
2018-06-27,510.950,official
2018-06-28,510.970,official
2018-06-29,510.980,official
2018-06-30,510.970,official
2018-07-01,510.970,official
2018-07-02,510.970,official
2018-07-03,510.960,official
2018-07-04,510.960,official
2018-07-05,510.950,official
2018-07-06,510.970,official
2018-07-07,510.970,official
2018-07-08,510.970,official
2018-07-09,510.970,official
2018-07-10,510.960,official
2018-07-11,510.990,official
2018-07-12,510.980,official
2018-07-13,510.970,official
2018-07-14,510.970,official
2018-07-15,510.980,official
2018-07-16,511.000,official
2018-07-17,510.990,official
2018-07-18,510.990,official
2018-07-19,510.980,official
2018-07-20,510.970,official
2018-07-21,510.980,official
2018-07-22,511.030,official
2018-07-23,511.060,official
2018-07-24,511.070,official
2018-07-25,511.070,official
2018-07-26,511.070,official
2018-07-27,511.070,official
2018-07-28,511.060,official
2018-07-29,511.050,official
2018-07-30,511.040,official
2018-07-31,511.040,official
2018-08-01,511.030,official
2018-08-02,511.020,official
2018-08-03,511.010,official
2018-08-04,511.000,official
2018-08-05,510.990,official
2018-08-06,510.970,official
2018-08-07,510.950,official
2018-08-08,510.940,official
2018-08-09,510.940,official
2018-08-10,510.950,official
2018-08-11,510.940,official
2018-08-12,510.940,official
2018-08-13,510.940,official
2018-08-14,510.940,official
2018-08-15,510.940,official
2018-08-16,510.930,official
2018-08-17,510.920,official
2018-08-18,510.920,official
2018-08-19,510.910,official
2018-08-20,510.900,official
2018-08-21,510.900,official
2018-08-22,510.890,official
2018-08-23,510.890,official
2018-08-24,510.900,official
2018-08-25,510.890,official
2018-08-26,510.890,official
2018-08-27,510.890,official
2018-08-28,510.880,official
2018-08-29,510.880,official
2018-08-30,510.890,official
2018-08-31,510.900,official
2018-09-01,510.920,official
2018-09-02,510.920,official
2018-09-03,510.920,official
2018-09-04,510.960,official
2018-09-05,510.970,official
2018-09-06,510.990,official
2018-09-07,511.000,official
2018-09-08,511.020,official
2018-09-09,511.020,official
2018-09-10,511.020,official
2018-09-11,511.020,official
2018-09-12,511.010,official
2018-09-13,511.010,official
2018-09-14,511.020,official
2018-09-15,511.010,official
2018-09-16,511.010,official
2018-09-17,511.000,official
2018-09-18,511.000,official
2018-09-19,511.000,official
2018-09-20,510.990,official
2018-09-21,510.990,official
2018-09-22,510.980,official
2018-09-23,510.990,official
2018-09-24,511.000,official
2018-09-25,510.990,official
2018-09-26,510.990,official
2018-09-27,510.980,official
2018-09-28,510.980,official
2018-09-29,510.970,official
2018-09-30,510.960,official
2018-10-01,510.980,official
2018-10-02,510.970,official
2018-10-03,510.970,official
2018-10-04,510.960,official
2018-10-05,510.950,official
2018-10-06,510.950,official
2018-10-07,510.940,official
2018-10-08,510.930,official
2018-10-09,510.930,official
2018-10-10,510.920,official
2018-10-11,510.910,official
2018-10-12,510.910,official
2018-10-13,510.900,official
2018-10-14,510.900,official
2018-10-15,510.890,official
2018-10-16,510.880,official
2018-10-17,510.880,official
2018-10-18,510.870,official
2018-10-19,510.870,official
2018-10-20,510.860,official
2018-10-21,510.860,official
2018-10-22,510.850,official
2018-10-23,510.850,official
2018-10-24,510.840,official
2018-10-25,510.840,official
2018-10-26,510.840,official
2018-10-27,510.840,official
2018-10-28,510.860,official
2018-10-29,510.850,official
2018-10-30,510.840,official
2018-10-31,510.840,official
2018-11-01,510.830,official
2018-11-02,510.830,official
2018-11-03,510.825,interpolated
2018-11-04,510.820,interpolated
2018-11-05,510.815,interpolated
2018-11-06,510.810,official
2018-11-07,510.800,official
2018-11-08,510.800,official
2018-11-09,510.790,official
2018-11-10,510.790,official
2018-11-11,510.780,official
2018-11-12,510.780,official
2018-11-13,510.770,official
2018-11-14,510.770,official
2018-11-15,510.760,official
2018-11-16,510.760,official
2018-11-17,510.760,official
2018-11-18,510.750,official
2018-11-19,510.750,official
2018-11-20,510.740,official
2018-11-21,510.740,official
2018-11-22,510.730,official
2018-11-23,510.730,official
2018-11-24,510.730,official
2018-11-25,510.720,official
2018-11-26,510.720,official
2018-11-27,510.720,official
2018-11-28,510.720,official
2018-11-29,510.710,official
2018-11-30,510.710,official
2018-12-01,510.720,official
2018-12-02,510.720,official
2018-12-03,510.720,official
2018-12-04,510.720,official
2018-12-05,510.710,official
2018-12-06,510.700,official
2018-12-07,510.700,official
2018-12-08,510.690,official
2018-12-09,510.700,official
2018-12-10,510.710,official
2018-12-11,510.720,official
2018-12-12,510.720,official
2018-12-13,510.720,official
2018-12-14,510.730,official
2018-12-15,510.730,official
2018-12-16,510.740,official
2018-12-17,510.740,official
2018-12-18,510.740,official
2018-12-19,510.730,official
2018-12-20,510.730,official
2018-12-21,510.730,official
2018-12-22,510.730,official
2018-12-23,510.740,official
2018-12-24,510.770,official
2018-12-25,510.770,official
2018-12-26,510.800,official
2018-12-27,510.820,official
2018-12-28,510.840,official
2018-12-29,510.850,official
2018-12-30,510.860,official
2018-12-31,510.870,official
2019-01-01,510.870,official
2019-01-02,510.880,official
2019-01-03,510.870,official
2019-01-04,510.870,official
2019-01-05,510.880,official
2019-01-06,510.890,official
2019-01-07,510.910,official
2019-01-08,510.920,official
2019-01-09,510.940,official
2019-01-10,510.980,official
2019-01-11,511.030,official
2019-01-12,511.050,official
2019-01-13,511.100,official
2019-01-14,511.180,official
2019-01-15,511.320,official
2019-01-16,511.400,official
2019-01-17,511.440,official
2019-01-18,511.460,official
2019-01-19,511.460,official
2019-01-20,511.460,official
2019-01-21,511.450,official
2019-01-22,511.450,official
2019-01-23,511.440,official
2019-01-24,511.430,official
2019-01-25,511.420,official
2019-01-26,511.410,official
2019-01-27,511.410,official
2019-01-28,511.400,official
2019-01-29,511.390,official
2019-01-30,511.380,official
2019-01-31,511.370,official
2019-02-01,511.360,official
2019-02-02,511.350,official
2019-02-03,511.340,official
2019-02-04,511.330,official
2019-02-05,511.330,official
2019-02-06,511.320,official
2019-02-07,511.310,official
2019-02-08,511.310,official
2019-02-09,511.310,official
2019-02-10,511.320,official
2019-02-11,511.320,official
2019-02-12,511.340,official
2019-02-13,511.370,official
2019-02-14,511.390,official
2019-02-15,511.400,official
2019-02-16,511.410,official
2019-02-17,511.410,official
2019-02-18,511.400,official
2019-02-19,511.400,official
2019-02-20,511.400,official
2019-02-21,511.390,official
2019-02-22,511.400,official
2019-02-23,511.400,official
2019-02-24,511.400,official
2019-02-25,511.390,official
2019-02-26,511.390,official
2019-02-27,511.390,official
2019-02-28,511.380,official
2019-03-01,511.380,official
2019-03-02,511.380,official
2019-03-03,511.370,official
2019-03-04,511.360,official
2019-03-05,511.350,official
2019-03-06,511.350,official
2019-03-07,511.340,official
2019-03-08,511.340,official
2019-03-09,511.330,official
2019-03-10,511.320,official
2019-03-11,511.320,official
2019-03-12,511.310,official
2019-03-13,511.300,official
2019-03-14,511.290,official
2019-03-15,511.280,official
2019-03-16,511.280,official
2019-03-17,511.270,official
2019-03-18,511.260,official
2019-03-19,511.250,official
2019-03-20,511.240,official
2019-03-21,511.240,official
2019-03-22,511.230,official
2019-03-23,511.220,official
2019-03-24,511.210,official
2019-03-25,511.200,official
2019-03-26,511.200,official
2019-03-27,511.190,official
2019-03-28,511.180,official
2019-03-29,511.180,official
2019-03-30,511.170,official
2019-03-31,511.160,official
2019-04-01,511.150,official
2019-04-02,511.150,official
2019-04-03,511.140,official
2019-04-04,511.130,official
2019-04-05,511.130,official
2019-04-06,511.120,official
2019-04-07,511.120,official
2019-04-08,511.110,official
2019-04-09,511.100,official
2019-04-10,511.100,official
2019-04-11,511.090,official
2019-04-12,511.080,official
2019-04-13,511.070,official
2019-04-14,511.070,official
2019-04-15,511.060,official
2019-04-16,511.050,official
2019-04-17,511.050,official
2019-04-18,511.040,official
2019-04-19,511.030,official
2019-04-20,511.030,official
2019-04-21,511.020,official
2019-04-22,511.020,official
2019-04-23,511.010,official
2019-04-24,511.000,official
2019-04-25,510.990,official
2019-04-26,510.990,official
2019-04-27,510.980,official
2019-04-28,510.980,official
2019-04-29,510.970,official
2019-04-30,510.970,official
2019-05-01,510.970,official
2019-05-02,510.960,official
2019-05-03,510.970,official
2019-05-04,510.970,official
2019-05-05,510.960,official
2019-05-06,510.960,official
2019-05-07,510.950,official
2019-05-08,510.950,official
2019-05-09,510.940,official
2019-05-10,510.940,official
2019-05-11,510.940,official
2019-05-12,510.950,official
2019-05-13,510.960,official
2019-05-14,510.950,official
2019-05-15,510.940,official
2019-05-16,510.940,official
2019-05-17,510.930,official
2019-05-18,510.920,official
2019-05-19,510.920,official
2019-05-20,510.940,official
2019-05-21,511.030,official
2019-05-22,511.100,official
2019-05-23,511.160,official
2019-05-24,511.200,official
2019-05-25,511.220,official
2019-05-26,511.230,official
2019-05-27,511.240,official
2019-05-28,511.250,official
2019-05-29,511.260,official
2019-05-30,511.260,official
2019-05-31,511.260,official
2019-06-01,511.250,official
2019-06-02,511.250,official
2019-06-03,511.260,official
2019-06-04,511.250,official
2019-06-05,511.240,official
2019-06-06,511.230,official
2019-06-07,511.230,official
2019-06-08,511.210,official
2019-06-09,511.200,official
2019-06-10,511.190,official
2019-06-11,511.180,official
2019-06-12,511.170,official
2019-06-13,511.160,official
2019-06-14,511.160,official
2019-06-15,511.150,official
2019-06-16,511.150,official
2019-06-17,511.140,official
2019-06-18,511.130,official
2019-06-19,511.110,official
2019-06-20,511.120,official
2019-06-21,511.120,official
2019-06-22,511.150,official
2019-06-23,511.140,official
2019-06-24,511.130,official
2019-06-25,511.130,official
2019-06-26,511.120,official
2019-06-27,511.110,official
2019-06-28,511.090,official
2019-06-29,511.070,official
2019-06-30,511.060,official
2019-07-01,511.050,official
2019-07-02,511.050,official
2019-07-03,511.050,official
2019-07-04,511.040,official
2019-07-05,511.030,official
2019-07-06,511.020,official
2019-07-07,511.030,official
2019-07-08,511.040,official
2019-07-09,511.020,official
2019-07-10,511.010,official
2019-07-11,511.000,official
2019-07-12,510.990,official
2019-07-13,510.990,official
2019-07-14,511.000,official
2019-07-15,510.980,official
2019-07-16,510.970,official
2019-07-17,510.960,official
2019-07-18,510.960,official
2019-07-19,510.950,official
2019-07-20,510.940,official
2019-07-21,510.950,official
2019-07-22,510.950,official
2019-07-23,510.940,official
2019-07-24,510.930,official
2019-07-25,510.920,official
2019-07-26,510.920,official
2019-07-27,510.910,official
2019-07-28,510.910,official
2019-07-29,510.920,official
2019-07-30,510.910,official
2019-07-31,510.910,official
2019-08-01,510.910,official
2019-08-02,510.900,official
2019-08-03,510.900,official
2019-08-04,510.900,official
2019-08-05,510.890,official
2019-08-06,510.890,official
2019-08-07,510.890,official
2019-08-08,510.890,official
2019-08-09,510.880,official
2019-08-10,510.880,official
2019-08-11,510.870,official
2019-08-12,510.890,official
2019-08-13,510.910,official
2019-08-14,510.890,official
2019-08-15,510.880,official
2019-08-16,510.880,official
2019-08-17,510.880,official
2019-08-18,510.870,official
2019-08-19,510.880,official
2019-08-20,510.900,official
2019-08-21,510.930,official
2019-08-22,510.920,official
2019-08-23,510.910,official
2019-08-24,510.910,official
2019-08-25,510.910,official
2019-08-26,510.910,official
2019-08-27,510.910,official
2019-08-28,510.900,official
2019-08-29,510.910,official
2019-08-30,510.900,official
2019-08-31,510.900,official
2019-09-01,510.890,official
2019-09-02,510.890,official
2019-09-03,510.890,official
2019-09-04,510.880,official
2019-09-05,510.880,official
2019-09-06,510.890,official
2019-09-07,510.880,official
2019-09-08,510.890,official
2019-09-09,510.910,official
2019-09-10,510.890,official
2019-09-11,510.880,official
2019-09-12,510.870,official
2019-09-13,510.860,official
2019-09-14,510.860,official
2019-09-15,510.860,official
2019-09-16,510.850,official
2019-09-17,510.850,official
2019-09-18,510.840,official
2019-09-19,510.840,official
2019-09-20,510.830,official
2019-09-21,510.830,official
2019-09-22,510.830,official
2019-09-23,510.820,official
2019-09-24,510.820,official
2019-09-25,510.810,official
2019-09-26,510.810,official
2019-09-27,510.800,official
2019-09-28,510.810,official
2019-09-29,510.800,official
2019-09-30,510.790,official
2019-10-01,510.790,official
2019-10-02,510.790,official
2019-10-03,510.800,official
2019-10-04,510.780,official
2019-10-05,510.780,official
2019-10-06,510.770,official
2019-10-07,510.800,official
2019-10-08,510.790,official
2019-10-09,510.800,official
2019-10-10,510.810,official
2019-10-11,510.800,official
2019-10-12,510.800,official
2019-10-13,510.800,official
2019-10-14,510.800,official
2019-10-15,510.800,official
2019-10-16,510.810,official
2019-10-17,510.800,official
2019-10-18,510.800,official
2019-10-19,510.800,official
2019-10-20,510.790,official
2019-10-21,510.790,official
2019-10-22,510.780,official
2019-10-23,510.780,official
2019-10-24,510.770,official
2019-10-25,510.760,official
2019-10-26,510.760,official
2019-10-27,510.750,official
2019-10-28,510.750,official
2019-10-29,510.750,official
2019-10-30,510.740,official
2019-10-31,510.740,official
2019-11-01,510.730,official
2019-11-02,510.730,official
2019-11-03,510.730,official
2019-11-04,510.720,official
2019-11-05,510.730,official
2019-11-06,510.720,official
2019-11-07,510.710,official
2019-11-08,510.710,official
2019-11-09,510.700,official
2019-11-10,510.700,official
2019-11-11,510.690,official
2019-11-12,510.690,official
2019-11-13,510.690,official
2019-11-14,510.680,official
2019-11-15,510.680,official
2019-11-16,510.670,official
2019-11-17,510.670,official
2019-11-18,510.660,official
2019-11-19,510.660,official
2019-11-20,510.650,official
2019-11-21,510.650,official
2019-11-22,510.640,official
2019-11-23,510.630,official
2019-11-24,510.630,official
2019-11-25,510.620,official
2019-11-26,510.620,official
2019-11-27,510.620,official
2019-11-28,510.610,official
2019-11-29,510.610,official
2019-11-30,510.610,official
2019-12-01,510.600,official
2019-12-02,510.600,official
2019-12-03,510.600,official
2019-12-04,510.590,official
2019-12-05,510.590,official
2019-12-06,510.590,official
2019-12-07,510.580,official
2019-12-08,510.580,official
2019-12-09,510.580,official
2019-12-10,510.580,official
2019-12-11,510.580,official
2019-12-12,510.580,official
2019-12-13,510.580,official
2019-12-14,510.580,official
2019-12-15,510.580,official
2019-12-16,510.570,official
2019-12-17,510.570,official
2019-12-18,510.570,official
2019-12-19,510.560,official
2019-12-20,510.560,official
2019-12-21,510.560,official
2019-12-22,510.560,official
2019-12-23,510.550,official
2019-12-24,510.550,official
2019-12-25,510.570,official
2019-12-26,510.570,official
2019-12-27,510.570,official
2019-12-28,510.570,official
2019-12-29,510.570,official
2019-12-30,510.570,official
2019-12-31,510.580,official
2020-01-01,510.580,official
2020-01-02,510.580,official
2020-01-03,510.590,official
2020-01-04,510.590,official
2020-01-05,510.590,official
2020-01-06,510.580,official
2020-01-07,510.580,official
2020-01-08,510.580,official
2020-01-09,510.570,official
2020-01-10,510.570,official
2020-01-11,510.570,official
2020-01-12,510.560,official
2020-01-13,510.560,official
2020-01-14,510.560,official
2020-01-15,510.560,official
2020-01-16,510.560,official
2020-01-17,510.560,official
2020-01-18,510.560,official
2020-01-19,510.550,official
2020-01-20,510.550,official
2020-01-21,510.550,official
2020-01-22,510.540,official
2020-01-23,510.540,official
2020-01-24,510.530,official
2020-01-25,510.530,official
2020-01-26,510.530,official
2020-01-27,510.520,official
2020-01-28,510.520,official
2020-01-29,510.520,official
2020-01-30,510.510,official
2020-01-31,510.510,official
2020-02-01,510.510,official
2020-02-02,510.520,official
2020-02-03,510.600,official
2020-02-04,510.700,official
2020-02-05,510.780,official
2020-02-06,510.850,official
2020-02-07,510.890,official
2020-02-08,510.910,official
2020-02-09,510.920,official
2020-02-10,510.920,official
2020-02-11,510.930,official
2020-02-12,510.930,official
2020-02-13,510.930,official
2020-02-14,510.930,official
2020-02-15,510.920,official
2020-02-16,510.910,official
2020-02-17,510.910,official
2020-02-18,510.900,official
2020-02-19,510.900,official
2020-02-20,510.890,official
2020-02-21,510.890,official
2020-02-22,510.890,official
2020-02-23,510.880,official
2020-02-24,510.890,official
2020-02-25,510.890,official
2020-02-26,510.880,official
2020-02-27,510.880,official
2020-02-28,510.880,official
2020-02-29,510.870,official
2020-03-01,510.870,official
2020-03-02,510.870,official
2020-03-03,510.860,official
2020-03-04,510.860,official
2020-03-05,510.850,official
2020-03-06,510.850,official
2020-03-07,510.840,official
2020-03-08,510.840,official
2020-03-09,510.830,official
2020-03-10,510.830,official
2020-03-11,510.830,official
2020-03-12,510.830,official
2020-03-13,510.820,official
2020-03-14,510.820,official
2020-03-15,510.820,official
2020-03-16,510.810,official
2020-03-17,510.810,official
2020-03-18,510.810,official
2020-03-19,510.800,official
2020-03-20,510.800,official
2020-03-21,510.800,official
2020-03-22,510.810,official
2020-03-23,510.800,official
2020-03-24,510.790,official
2020-03-25,510.790,official
2020-03-26,510.780,official
2020-03-27,510.780,official
2020-03-28,510.770,official
2020-03-29,510.770,official
2020-03-30,510.760,official
2020-03-31,510.750,official
2020-04-01,510.750,official
2020-04-02,510.740,official
2020-04-03,510.740,official
2020-04-04,510.730,official
2020-04-05,510.730,official
2020-04-06,510.720,official
2020-04-07,510.720,official
2020-04-08,510.710,official
2020-04-09,510.700,official
2020-04-10,510.700,official
2020-04-11,510.690,official
2020-04-12,510.690,official
2020-04-13,510.680,official
2020-04-14,510.670,official
2020-04-15,510.660,official
2020-04-16,510.650,official
2020-04-17,510.650,official
2020-04-18,510.640,official
2020-04-19,510.630,official
2020-04-20,510.620,official
2020-04-21,510.620,official
2020-04-22,510.610,official
2020-04-23,510.610,official
2020-04-24,510.610,official
2020-04-25,510.600,official
2020-04-26,510.600,official
2020-04-27,510.590,official
2020-04-28,510.600,official
2020-04-29,510.620,official
2020-04-30,510.620,official
2020-05-01,510.620,official
2020-05-02,510.620,official
2020-05-03,510.610,official
2020-05-04,510.610,official
2020-05-05,510.600,official
2020-05-06,510.600,official
2020-05-07,510.590,official
2020-05-08,510.580,official
2020-05-09,510.580,official
2020-05-10,510.580,official
2020-05-11,510.580,official
2020-05-12,510.600,official
2020-05-13,510.590,official
2020-05-14,510.590,official
2020-05-15,510.600,official
2020-05-16,510.610,official
2020-05-17,510.620,official
2020-05-18,510.620,official
2020-05-19,510.620,official
2020-05-20,510.620,official
2020-05-21,510.620,official
2020-05-22,510.610,official
2020-05-23,510.610,official
2020-05-24,510.600,official
2020-05-25,510.600,official
2020-05-26,510.590,official
2020-05-27,510.580,official
2020-05-28,510.570,official
2020-05-29,510.570,official
2020-05-30,510.560,official
2020-05-31,510.560,official
2020-06-01,510.550,official
2020-06-02,510.540,official
2020-06-03,510.540,official
2020-06-04,510.530,official
2020-06-05,510.530,official
2020-06-06,510.530,official
2020-06-07,510.540,official
2020-06-08,510.540,official
2020-06-09,510.550,official
2020-06-10,510.550,official
2020-06-11,510.580,official
2020-06-12,510.580,official
2020-06-13,510.580,official
2020-06-14,510.590,official
2020-06-15,510.650,official
2020-06-16,510.720,official
2020-06-17,510.780,official
2020-06-18,510.840,official
2020-06-19,510.860,official
2020-06-20,510.880,official
2020-06-21,510.890,official
2020-06-22,510.900,official
2020-06-23,510.890,official
2020-06-24,510.890,official
2020-06-25,510.880,official
2020-06-26,510.880,official
2020-06-27,510.870,official
2020-06-28,510.860,official
2020-06-29,510.910,official
2020-06-30,510.920,official
2020-07-01,510.920,official
2020-07-02,510.930,official
2020-07-03,510.960,official
2020-07-04,510.960,official
2020-07-05,510.960,official
2020-07-06,510.960,official
2020-07-07,510.960,official
2020-07-08,510.960,official
2020-07-09,510.950,official
2020-07-10,510.950,official
2020-07-11,511.000,official
2020-07-12,511.000,official
2020-07-13,510.990,official
2020-07-14,510.990,official
2020-07-15,510.990,official
2020-07-16,510.990,official
2020-07-17,511.010,official
2020-07-18,511.000,official
2020-07-19,510.990,official
2020-07-20,510.980,official
2020-07-21,510.980,official
2020-07-22,510.970,official
2020-07-23,510.960,official
2020-07-24,510.960,official
2020-07-25,510.950,official
2020-07-26,510.940,official
2020-07-27,510.930,official
2020-07-28,510.930,official
2020-07-29,510.930,official
2020-07-30,510.930,official
2020-07-31,510.920,official
2020-08-01,510.910,official
2020-08-02,510.900,official
2020-08-03,510.920,official
2020-08-04,511.040,official
2020-08-05,511.070,official
2020-08-06,511.120,official
2020-08-07,511.150,official
2020-08-08,511.160,official
2020-08-09,511.160,official
2020-08-10,511.150,official
2020-08-11,511.140,official
2020-08-12,511.130,official
2020-08-13,511.120,official
2020-08-14,511.120,official
2020-08-15,511.150,official
2020-08-16,511.140,official
2020-08-17,511.130,official
2020-08-18,511.150,official
2020-08-19,511.170,official
2020-08-20,511.180,official
2020-08-21,511.180,official
2020-08-22,511.180,official
2020-08-23,511.180,official
2020-08-24,511.180,official
2020-08-25,511.170,official
2020-08-26,511.160,official
2020-08-27,511.150,official
2020-08-28,511.150,official
2020-08-29,511.160,official
2020-08-30,511.160,official
2020-08-31,511.150,official
2020-09-01,511.150,official
2020-09-02,511.140,official
2020-09-03,511.140,official
2020-09-04,511.130,official
2020-09-05,511.120,official
2020-09-06,511.130,official
2020-09-07,511.120,official
2020-09-08,511.110,official
2020-09-09,511.110,official
2020-09-10,511.100,official
2020-09-11,511.090,official
2020-09-12,511.080,official
2020-09-13,511.070,official
2020-09-14,511.070,official
2020-09-15,511.060,official
2020-09-16,511.050,official
2020-09-17,511.040,official
2020-09-18,511.030,official
2020-09-19,511.030,official
2020-09-20,511.020,official
2020-09-21,511.010,official
2020-09-22,511.000,official
2020-09-23,511.000,official
2020-09-24,511.000,official
2020-09-25,511.020,official
2020-09-26,511.040,official
2020-09-27,511.040,official
2020-09-28,511.030,official
2020-09-29,511.030,official
2020-09-30,511.030,official
2020-10-01,511.020,official
2020-10-02,511.020,official
2020-10-03,511.010,official
2020-10-04,511.010,official
2020-10-05,511.000,official
2020-10-06,511.000,official
2020-10-07,511.010,official
2020-10-08,511.000,official
2020-10-09,511.000,official
2020-10-10,511.000,official
2020-10-11,510.990,official
2020-10-12,510.990,official
2020-10-13,510.990,official
2020-10-14,510.990,official
2020-10-15,510.980,official
2020-10-16,510.990,official
2020-10-17,511.000,official
2020-10-18,511.000,official
2020-10-19,511.000,official
2020-10-20,511.000,official
2020-10-21,511.010,official
2020-10-22,511.010,official
2020-10-23,511.010,official
2020-10-24,511.020,official
2020-10-25,511.020,official
2020-10-26,511.020,official
2020-10-27,511.030,official
2020-10-28,511.030,official
2020-10-29,511.040,official
2020-10-30,511.050,official
2020-10-31,511.060,official
2020-11-01,511.070,official
2020-11-02,511.080,official
2020-11-03,511.080,official
2020-11-04,511.090,official
2020-11-05,511.090,official
2020-11-06,511.090,official
2020-11-07,511.090,official
2020-11-08,511.090,official
2020-11-09,511.090,official
2020-11-10,511.080,official
2020-11-11,511.080,official
2020-11-12,511.080,official
2020-11-13,511.070,official
2020-11-14,511.070,official
2020-11-15,511.060,official
2020-11-16,511.060,official
2020-11-17,511.050,official
2020-11-18,511.040,official
2020-11-19,511.030,official
2020-11-20,511.030,official
2020-11-21,511.020,official
2020-11-22,511.010,official
2020-11-23,511.010,official
2020-11-24,511.000,official
2020-11-25,510.990,official
2020-11-26,510.990,official
2020-11-27,510.980,official
2020-11-28,510.970,official
2020-11-29,510.970,official
2020-11-30,510.960,official
2020-12-01,510.960,official
2020-12-02,510.950,official
2020-12-03,510.950,official
2020-12-04,510.940,official
2020-12-05,510.930,official
2020-12-06,510.930,official
2020-12-07,510.920,official
2020-12-08,510.920,official
2020-12-09,510.910,official
2020-12-10,510.910,official
2020-12-11,510.900,official
2020-12-12,510.900,official
2020-12-13,510.890,official
2020-12-14,510.890,official
2020-12-15,510.890,official
2020-12-16,510.880,official
2020-12-17,510.870,official
2020-12-18,510.870,official
2020-12-19,510.860,official
2020-12-20,510.860,official
2020-12-21,510.850,official
2020-12-22,510.850,official
2020-12-23,510.850,official
2020-12-24,510.850,official
2020-12-25,510.850,official
2020-12-26,510.850,official
2020-12-27,510.840,official
2020-12-28,510.840,official
2020-12-29,510.830,official
2020-12-30,510.830,official
2020-12-31,510.830,official
2021-01-01,510.820,official
2021-01-02,510.820,official
2021-01-03,510.820,official
2021-01-04,510.810,official
2021-01-05,510.810,official
2021-01-06,510.810,official
2021-01-07,510.800,official
2021-01-08,510.800,official
2021-01-09,510.800,official
2021-01-10,510.790,official
2021-01-11,510.790,official
2021-01-12,510.790,official
2021-01-13,510.790,official
2021-01-14,510.790,official
2021-01-15,510.790,official
2021-01-16,510.780,official
2021-01-17,510.780,official
2021-01-18,510.780,official
2021-01-19,510.780,official
2021-01-20,510.790,official
2021-01-21,510.790,official
2021-01-22,510.780,official
2021-01-23,510.790,official
2021-01-24,510.780,official
2021-01-25,510.780,official
2021-01-26,510.780,official
2021-01-27,510.780,official
2021-01-28,510.790,official
2021-01-29,510.850,official
2021-01-30,510.850,official
2021-01-31,510.890,official
2021-02-01,510.920,official
2021-02-02,510.950,official
2021-02-03,510.980,official
2021-02-04,511.000,official
2021-02-05,511.010,official
2021-02-06,511.030,official
2021-02-07,511.040,official
2021-02-08,511.060,official
2021-02-09,511.060,official
2021-02-10,511.060,official
2021-02-11,511.060,official
2021-02-12,511.060,official
2021-02-13,511.050,official
2021-02-14,511.050,official
2021-02-15,511.050,official
2021-02-16,511.040,official
2021-02-17,511.040,official
2021-02-18,511.040,official
2021-02-19,511.040,official
2021-02-20,511.030,official
2021-02-21,511.030,official
2021-02-22,511.030,official
2021-02-23,511.020,official
2021-02-24,511.020,official
2021-02-25,511.020,official
2021-02-26,511.010,official
2021-02-27,511.010,official
2021-02-28,511.010,official
2021-03-01,511.010,official
2021-03-02,511.000,official
2021-03-03,511.000,official
2021-03-04,510.990,official
2021-03-05,510.990,official
2021-03-06,510.990,official
2021-03-07,510.980,official
2021-03-08,510.980,official
2021-03-09,510.970,official
2021-03-10,510.970,official
2021-03-11,510.960,official
2021-03-12,510.970,official
2021-03-13,510.960,official
2021-03-14,510.960,official
2021-03-15,510.960,official
2021-03-16,510.960,official
2021-03-17,510.950,official
2021-03-18,510.960,official
2021-03-19,510.960,official
2021-03-20,510.960,official
2021-03-21,510.950,official
2021-03-22,510.950,official
2021-03-23,510.950,official
2021-03-24,510.940,official
2021-03-25,510.940,official
2021-03-26,510.940,official
2021-03-27,510.940,official
2021-03-28,510.930,official
2021-03-29,510.930,official
2021-03-30,510.920,official
2021-03-31,510.920,official
2021-04-01,510.920,official
2021-04-02,510.920,official
2021-04-03,510.910,official
2021-04-04,510.910,official
2021-04-05,510.910,official
2021-04-06,510.900,official
2021-04-07,510.900,official
2021-04-08,510.900,official
2021-04-09,510.900,official
2021-04-10,510.890,official
2021-04-11,510.880,official
2021-04-12,510.880,official
2021-04-13,510.880,official
2021-04-14,510.880,official
2021-04-15,510.870,official
2021-04-16,510.870,official
2021-04-17,510.860,official
2021-04-18,510.860,official
2021-04-19,510.850,official
2021-04-20,510.850,official
2021-04-21,510.850,official
2021-04-22,510.840,official
2021-04-23,510.840,official
2021-04-24,510.830,official
2021-04-25,510.830,official
2021-04-26,510.820,official
2021-04-27,510.820,official
2021-04-28,510.820,official
2021-04-29,510.810,official
2021-04-30,510.810,official
2021-05-01,510.810,official
2021-05-02,510.830,official
2021-05-03,510.830,official
2021-05-04,510.820,official
2021-05-05,510.820,official
2021-05-06,510.820,official
2021-05-07,510.830,official
2021-05-08,510.830,official
2021-05-09,510.830,official
2021-05-10,510.820,official
2021-05-11,510.820,official
2021-05-12,510.850,official
2021-05-13,510.870,official
2021-05-14,510.890,official
2021-05-15,510.910,official
2021-05-16,510.930,official
2021-05-17,510.940,official
2021-05-18,510.960,official
2021-05-19,510.960,official
2021-05-20,510.960,official
2021-05-21,510.960,official
2021-05-22,510.970,official
2021-05-23,510.970,official
2021-05-24,510.970,official
2021-05-25,510.980,official
2021-05-26,510.970,official
2021-05-27,510.980,official
2021-05-28,510.980,official
2021-05-29,510.980,official
2021-05-30,510.980,official
2021-05-31,510.970,official
2021-06-01,510.970,official
2021-06-02,510.960,official
2021-06-03,510.960,official
2021-06-04,510.950,official
2021-06-05,510.950,official
2021-06-06,510.960,official
2021-06-07,510.960,official
2021-06-08,510.950,official
2021-06-09,510.940,official
2021-06-10,510.940,official
2021-06-11,510.940,official
2021-06-12,510.930,official
2021-06-13,510.930,official
2021-06-14,510.920,official
2021-06-15,510.910,official
2021-06-16,510.910,official
2021-06-17,510.900,official
2021-06-18,510.890,official
2021-06-19,510.870,official
2021-06-20,510.860,official
2021-06-21,510.850,official
2021-06-22,510.880,official
2021-06-23,510.880,official
2021-06-24,510.890,official
2021-06-25,510.900,official
2021-06-26,510.900,official
2021-06-27,510.900,official
2021-06-28,510.890,official
2021-06-29,510.910,official
2021-06-30,510.950,official
2021-07-01,510.950,official
2021-07-02,510.960,official
2021-07-03,510.960,official
2021-07-04,510.970,official
2021-07-05,510.990,official
2021-07-06,511.000,official
2021-07-07,511.060,official
2021-07-08,511.110,official
2021-07-09,511.180,official
2021-07-10,511.210,official
2021-07-11,511.250,official
2021-07-12,511.260,official
2021-07-13,511.260,official
2021-07-14,511.270,official
2021-07-15,511.260,official
2021-07-16,511.250,official
2021-07-17,511.240,official
2021-07-18,511.230,official
2021-07-19,511.220,official
2021-07-20,511.210,official
2021-07-21,511.200,official
2021-07-22,511.190,official
2021-07-23,511.180,official
2021-07-24,511.170,official
2021-07-25,511.160,official
2021-07-26,511.150,official
2021-07-27,511.150,official
2021-07-28,511.160,official
2021-07-29,511.160,official
2021-07-30,511.150,official
2021-07-31,511.150,official
2021-08-01,511.150,official
2021-08-02,511.140,official
2021-08-03,511.143,interpolated
2021-08-04,511.147,interpolated
2021-08-05,511.150,official
2021-08-06,511.140,official
2021-08-07,511.140,official
2021-08-08,511.150,official
2021-08-09,511.140,official
2021-08-10,511.130,official
2021-08-11,511.130,official
2021-08-12,511.130,official
2021-08-13,511.120,official
2021-08-14,511.120,official
2021-08-15,511.110,official
2021-08-16,511.120,official
2021-08-17,511.120,official
2021-08-18,511.120,official
2021-08-19,511.110,official
2021-08-20,511.110,official
2021-08-21,511.100,official
2021-08-22,511.090,official
2021-08-23,511.100,official
2021-08-24,511.100,official
2021-08-25,511.090,official
2021-08-26,511.090,official
2021-08-27,511.090,official
2021-08-28,511.100,official
2021-08-29,511.110,official
2021-08-30,511.190,official
2021-08-31,511.260,official
2021-09-01,511.350,official
2021-09-02,511.400,official
2021-09-03,511.420,official
2021-09-04,511.430,official
2021-09-05,511.430,official
2021-09-06,511.420,official
2021-09-07,511.410,official
2021-09-08,511.400,official
2021-09-09,511.390,official
2021-09-10,511.380,official
2021-09-11,511.370,official
2021-09-12,511.360,official
2021-09-13,511.350,official
2021-09-14,511.340,official
2021-09-15,511.330,official
2021-09-16,511.330,official
2021-09-17,511.330,official
2021-09-18,511.320,official
2021-09-19,511.310,official
2021-09-20,511.300,official
2021-09-21,511.280,official
2021-09-22,511.270,official
2021-09-23,511.260,official
2021-09-24,511.250,official
2021-09-25,511.240,official
2021-09-26,511.230,official
2021-09-27,511.240,official
2021-09-28,511.230,official
2021-09-29,511.220,official
2021-09-30,511.210,official
2021-10-01,511.200,official
2021-10-02,511.200,official
2021-10-03,511.190,official
2021-10-04,511.182,interpolated
2021-10-05,511.173,interpolated
2021-10-06,511.165,interpolated
2021-10-07,511.157,interpolated
2021-10-08,511.148,interpolated
2021-10-09,511.140,official
2021-10-10,511.140,official
2021-10-11,511.130,official
2021-10-12,511.120,official
2021-10-13,511.120,official
2021-10-14,511.120,official
2021-10-15,511.110,official
2021-10-16,511.100,official
2021-10-17,511.100,official
2021-10-18,511.090,official
2021-10-19,511.080,official
2021-10-20,511.080,official
2021-10-21,511.070,official
2021-10-22,511.060,official
2021-10-23,511.060,official
2021-10-24,511.050,official
2021-10-25,511.050,official
2021-10-26,511.040,official
2021-10-27,511.030,official
2021-10-28,511.030,official
2021-10-29,511.020,official
2021-10-30,511.020,official
2021-10-31,511.010,official
2021-11-01,511.000,official
2021-11-02,511.010,official
2021-11-03,511.000,official
2021-11-04,511.010,official
2021-11-05,511.000,official
2021-11-06,511.000,official
2021-11-07,510.990,official
2021-11-08,510.990,official
2021-11-09,510.980,official
2021-11-10,510.980,official
2021-11-11,510.970,official
2021-11-12,510.970,official
2021-11-13,510.960,official
2021-11-14,510.960,official
2021-11-15,510.950,official
2021-11-16,510.950,official
2021-11-17,510.940,official
2021-11-18,510.940,official
2021-11-19,510.930,official
2021-11-20,510.930,official
2021-11-21,510.920,official
2021-11-22,510.920,official
2021-11-23,510.910,official
2021-11-24,510.910,official
2021-11-25,510.900,official
2021-11-26,510.900,official
2021-11-27,510.900,official
2021-11-28,510.890,official
2021-11-29,510.890,official
2021-11-30,510.880,official
2021-12-01,510.880,official
2021-12-02,510.880,official
2021-12-03,510.870,official
2021-12-04,510.880,official
2021-12-05,510.880,official
2021-12-06,510.880,official
2021-12-07,510.870,official
2021-12-08,510.870,official
2021-12-09,510.870,official
2021-12-10,510.860,official
2021-12-11,510.860,official
2021-12-12,510.860,official
2021-12-13,510.860,official
2021-12-14,510.860,official
2021-12-15,510.860,official
2021-12-16,510.860,official
2021-12-17,510.860,official
2021-12-18,510.860,official
2021-12-19,510.860,official
2021-12-20,510.850,official
2021-12-21,510.850,official
2021-12-22,510.850,official
2021-12-23,510.850,official
2021-12-24,510.840,official
2021-12-25,510.850,official
2021-12-26,510.850,official
2021-12-27,510.850,official
2021-12-28,510.850,official
2021-12-29,510.860,official
2021-12-30,510.870,official
2021-12-31,510.880,official
2022-01-01,510.900,official
2022-01-02,510.910,official
2022-01-03,510.930,official
2022-01-04,510.940,official
2022-01-05,510.960,official
2022-01-06,510.960,official
2022-01-07,510.960,official
2022-01-08,510.960,official
2022-01-09,510.960,official
2022-01-10,510.960,official
2022-01-11,510.960,official
2022-01-12,510.960,official
2022-01-13,510.960,official
2022-01-14,510.960,official
2022-01-15,510.950,official
2022-01-16,510.950,official
2022-01-17,510.950,official
2022-01-18,510.940,official
2022-01-19,510.940,official
2022-01-20,510.940,official
2022-01-21,510.940,official
2022-01-22,510.930,official
2022-01-23,510.930,official
2022-01-24,510.930,official
2022-01-25,510.930,official
2022-01-26,510.920,official
2022-01-27,510.920,official
2022-01-28,510.920,official
2022-01-29,510.920,official
2022-01-30,510.910,official
2022-01-31,510.910,official
2022-02-01,510.910,official
2022-02-02,510.910,official
2022-02-03,510.910,official
2022-02-04,510.910,official
2022-02-05,510.900,official
2022-02-06,510.900,official
2022-02-07,510.900,official
2022-02-08,510.900,official
2022-02-09,510.900,official
2022-02-10,510.900,official
2022-02-11,510.900,official
2022-02-12,510.900,official
2022-02-13,510.900,official
2022-02-14,510.900,official
2022-02-15,510.890,official
2022-02-16,510.890,official
2022-02-17,510.900,official
2022-02-18,510.890,official
2022-02-19,510.890,official
2022-02-20,510.890,official
2022-02-21,510.890,official
2022-02-22,510.880,official
2022-02-23,510.880,official
2022-02-24,510.880,official
2022-02-25,510.870,official
2022-02-26,510.870,official
2022-02-27,510.870,official
2022-02-28,510.860,official
2022-03-01,510.860,official
2022-03-02,510.860,official
2022-03-03,510.850,official
2022-03-04,510.850,official
2022-03-05,510.840,official
2022-03-06,510.840,official
2022-03-07,510.840,official
2022-03-08,510.840,official
2022-03-09,510.830,official
2022-03-10,510.830,official
2022-03-11,510.830,official
2022-03-12,510.820,official
2022-03-13,510.820,official
2022-03-14,510.820,official
2022-03-15,510.810,official
2022-03-16,510.810,official
2022-03-17,510.810,official
2022-03-18,510.800,official
2022-03-19,510.800,official
2022-03-20,510.800,official
2022-03-21,510.800,official
2022-03-22,510.790,official
2022-03-23,510.790,official
2022-03-24,510.790,official
2022-03-25,510.780,official
2022-03-26,510.780,official
2022-03-27,510.780,official
2022-03-28,510.780,official
2022-03-29,510.770,official
2022-03-30,510.770,official
2022-03-31,510.770,official
2022-04-01,510.780,official
2022-04-02,510.770,official
2022-04-03,510.770,official
2022-04-04,510.770,official
2022-04-05,510.770,official
2022-04-06,510.770,official
2022-04-07,510.760,official
2022-04-08,510.770,official
2022-04-09,510.760,official
2022-04-10,510.760,official
2022-04-11,510.760,official
2022-04-12,510.750,official
2022-04-13,510.750,official
2022-04-14,510.750,official
2022-04-15,510.740,official
2022-04-16,510.740,official
2022-04-17,510.740,official
2022-04-18,510.730,official
2022-04-19,510.730,official
2022-04-20,510.720,official
2022-04-21,510.720,official
2022-04-22,510.720,official
2022-04-23,510.710,official
2022-04-24,510.710,official
2022-04-25,510.710,official
2022-04-26,510.710,official
2022-04-27,510.710,official
2022-04-28,510.700,official
2022-04-29,510.700,official
2022-04-30,510.700,official
2022-05-01,510.690,official
2022-05-02,510.690,official
2022-05-03,510.690,official
2022-05-04,510.690,official
2022-05-05,510.690,official
2022-05-06,510.700,official
2022-05-07,510.700,official
2022-05-08,510.700,official
2022-05-09,510.690,official
2022-05-10,510.690,official
2022-05-11,510.680,official
2022-05-12,510.680,official
2022-05-13,510.700,official
2022-05-14,510.700,official
2022-05-15,510.700,official
2022-05-16,510.700,official
2022-05-17,510.700,official
2022-05-18,510.690,official
2022-05-19,510.690,official
2022-05-20,510.690,official
2022-05-21,510.690,official
2022-05-22,510.680,official
2022-05-23,510.680,official
2022-05-24,510.700,official
2022-05-25,510.710,official
2022-05-26,510.710,official
2022-05-27,510.710,official
2022-05-28,510.710,official
2022-05-29,510.710,official
2022-05-30,510.710,official
2022-05-31,510.700,official
2022-06-01,510.700,official
2022-06-02,510.700,official
2022-06-03,510.700,official
2022-06-04,510.700,official
2022-06-05,510.710,official
2022-06-06,510.720,official
2022-06-07,510.730,official
2022-06-08,510.730,official
2022-06-09,510.750,official
2022-06-10,510.740,official
2022-06-11,510.740,official
2022-06-12,510.740,official
2022-06-13,510.740,official
2022-06-14,510.740,official
2022-06-15,510.740,official
2022-06-16,510.730,official
2022-06-17,510.730,official
2022-06-18,510.720,official
2022-06-19,510.720,official
2022-06-20,510.710,official
2022-06-21,510.700,official
2022-06-22,510.690,official
2022-06-23,510.690,official
2022-06-24,510.690,official
2022-06-25,510.700,official
2022-06-26,510.680,official
2022-06-27,510.680,official
2022-06-28,510.680,official
2022-06-29,510.670,official
2022-06-30,510.670,official
2022-07-01,510.670,official
2022-07-02,510.660,official
2022-07-03,510.660,official
2022-07-04,510.660,official
2022-07-05,510.670,official
2022-07-06,510.660,official
2022-07-07,510.660,official
2022-07-08,510.650,official
2022-07-09,510.650,official
2022-07-10,510.640,official
2022-07-11,510.640,official
2022-07-12,510.630,official
2022-07-13,510.630,official
2022-07-14,510.620,official
2022-07-15,510.610,official
2022-07-16,510.610,official
2022-07-17,510.600,official
2022-07-18,510.590,official
2022-07-19,510.580,official
2022-07-20,510.580,official
2022-07-21,510.570,official
2022-07-22,510.560,official
2022-07-23,510.550,official
2022-07-24,510.540,official
2022-07-25,510.530,official
2022-07-26,510.550,official
2022-07-27,510.540,official
2022-07-28,510.530,official
2022-07-29,510.530,official
2022-07-30,510.520,official
2022-07-31,510.520,official
2022-08-01,510.510,official
2022-08-02,510.510,official
2022-08-03,510.500,official
2022-08-04,510.490,official
2022-08-05,510.500,official
2022-08-06,510.550,official
2022-08-07,510.530,official
2022-08-08,510.530,official
2022-08-09,510.520,official
2022-08-10,510.510,official
2022-08-11,510.500,official
2022-08-12,510.490,official
2022-08-13,510.480,official
2022-08-14,510.470,official
2022-08-15,510.470,official
2022-08-16,510.460,official
2022-08-17,510.460,official
2022-08-18,510.450,official
2022-08-19,510.460,official
2022-08-20,510.590,official
2022-08-21,510.620,official
2022-08-22,510.630,official
2022-08-23,510.630,official
2022-08-24,510.630,official
2022-08-25,510.630,official
2022-08-26,510.620,official
2022-08-27,510.610,official
2022-08-28,510.610,official
2022-08-29,510.610,official
2022-08-30,510.600,official
2022-08-31,510.600,official
2022-09-01,510.590,official
2022-09-02,510.580,official
2022-09-03,510.580,official
2022-09-04,510.570,official
2022-09-05,510.560,official
2022-09-06,510.550,official
2022-09-07,510.540,official
2022-09-08,510.540,official
2022-09-09,510.530,official
2022-09-10,510.530,official
2022-09-11,510.530,official
2022-09-12,510.520,official
2022-09-13,510.510,official
2022-09-14,510.510,official
2022-09-15,510.500,official
2022-09-16,510.490,official
2022-09-17,510.490,official
2022-09-18,510.490,official
2022-09-19,510.490,official
2022-09-20,510.480,official
2022-09-21,510.470,official
2022-09-22,510.460,official
2022-09-23,510.460,official
2022-09-24,510.450,official
2022-09-25,510.450,official
2022-09-26,510.450,official
2022-09-27,510.450,official
2022-09-28,510.460,official
2022-09-29,510.450,official
2022-09-30,510.450,official
2022-10-01,510.450,official
2022-10-02,510.470,official
2022-10-03,510.510,official
2022-10-04,510.530,official
2022-10-05,510.550,official
2022-10-06,510.560,official
2022-10-07,510.570,official
2022-10-08,510.570,official
2022-10-09,510.570,official
2022-10-10,510.560,official
2022-10-11,510.560,official
2022-10-12,510.550,official
2022-10-13,510.540,official
2022-10-14,510.540,official
2022-10-15,510.560,official
2022-10-16,510.550,official
2022-10-17,510.540,official
2022-10-18,510.530,official
2022-10-19,510.530,official
2022-10-20,510.520,official
2022-10-21,510.510,official
2022-10-22,510.510,official
2022-10-23,510.500,official
2022-10-24,510.510,official
2022-10-25,510.510,official
2022-10-26,510.500,official
2022-10-27,510.490,official
2022-10-28,510.490,official
2022-10-29,510.480,official
2022-10-30,510.470,official
2022-10-31,510.470,official
2022-11-01,510.460,official
2022-11-02,510.460,official
2022-11-03,510.450,official
2022-11-04,510.450,official
2022-11-05,510.450,official
2022-11-06,510.450,official
2022-11-07,510.440,official
2022-11-08,510.440,official
2022-11-09,510.430,official
2022-11-10,510.430,official
2022-11-11,510.430,official
2022-11-12,510.420,official
2022-11-13,510.420,official
2022-11-14,510.410,official
2022-11-15,510.410,official
2022-11-16,510.400,official
2022-11-17,510.400,official
2022-11-18,510.410,official
2022-11-19,510.410,official
2022-11-20,510.400,official
2022-11-21,510.400,official
2022-11-22,510.400,official
2022-11-23,510.390,official
2022-11-24,510.400,official
2022-11-25,510.390,official
2022-11-26,510.400,official
2022-11-27,510.390,official
2022-11-28,510.390,official
2022-11-29,510.400,official
2022-11-30,510.400,official
2022-12-01,510.400,official
2022-12-02,510.400,official
2022-12-03,510.400,official
2022-12-04,510.400,official
2022-12-05,510.400,official
2022-12-06,510.400,official
2022-12-07,510.390,official
2022-12-08,510.390,official
2022-12-09,510.390,official
2022-12-10,510.390,official
2022-12-11,510.380,official
2022-12-12,510.380,official
2022-12-13,510.380,official
2022-12-14,510.380,official
2022-12-15,510.380,official
2022-12-16,510.370,official
2022-12-17,510.370,official
2022-12-18,510.370,official
2022-12-19,510.360,official
2022-12-20,510.360,official
2022-12-21,510.370,official
2022-12-22,510.380,official
2022-12-23,510.390,official
2022-12-24,510.410,official
2022-12-25,510.430,official
2022-12-26,510.470,official
2022-12-27,510.510,official
2022-12-28,510.530,official
2022-12-29,510.540,official
2022-12-30,510.550,official
2022-12-31,510.560,official
2023-01-01,510.570,official
2023-01-02,510.570,official
2023-01-03,510.570,official
2023-01-04,510.570,official
2023-01-05,510.570,official
2023-01-06,510.570,official
2023-01-07,510.570,official
2023-01-08,510.560,official
2023-01-09,510.560,official
2023-01-10,510.550,official
2023-01-11,510.550,official
2023-01-12,510.550,official
2023-01-13,510.540,official
2023-01-14,510.530,official
2023-01-15,510.530,official
2023-01-16,510.520,official
2023-01-17,510.520,official
2023-01-18,510.510,official
2023-01-19,510.510,official
2023-01-20,510.500,official
2023-01-21,510.490,official
2023-01-22,510.490,official
2023-01-23,510.480,official
2023-01-24,510.480,official
2023-01-25,510.470,official
2023-01-26,510.470,official
2023-01-27,510.460,official
2023-01-28,510.460,official
2023-01-29,510.450,official
2023-01-30,510.450,official
2023-01-31,510.440,official
2023-02-01,510.440,official
2023-02-02,510.430,official
2023-02-03,510.430,official
2023-02-04,510.430,official
2023-02-05,510.430,official
2023-02-06,510.420,official
2023-02-07,510.410,official
2023-02-08,510.410,official
2023-02-09,510.400,official
2023-02-10,510.400,official
2023-02-11,510.390,official
2023-02-12,510.390,official
2023-02-13,510.380,official
2023-02-14,510.380,official
2023-02-15,510.380,official
2023-02-16,510.370,official
2023-02-17,510.370,official
2023-02-18,510.360,official
2023-02-19,510.360,official
2023-02-20,510.360,official
2023-02-21,510.350,official
2023-02-22,510.350,official
2023-02-23,510.350,official
2023-02-24,510.340,official
2023-02-25,510.380,official
2023-02-26,510.380,official
2023-02-27,510.370,official
2023-02-28,510.370,official
2023-03-01,510.370,official
2023-03-02,510.360,official
2023-03-03,510.360,official
2023-03-04,510.360,official
2023-03-05,510.360,official
2023-03-06,510.360,official
2023-03-07,510.360,official
2023-03-08,510.360,official
2023-03-09,510.360,official
2023-03-10,510.360,official
2023-03-11,510.350,official
2023-03-12,510.350,official
2023-03-13,510.350,official
2023-03-14,510.350,official
2023-03-15,510.350,official
2023-03-16,510.350,official
2023-03-17,510.350,official
2023-03-18,510.340,official
2023-03-19,510.340,official
2023-03-20,510.340,official
2023-03-21,510.330,official
2023-03-22,510.330,official
2023-03-23,510.320,official
2023-03-24,510.320,official
2023-03-25,510.320,official
2023-03-26,510.320,official
2023-03-27,510.320,official
2023-03-28,510.310,official
2023-03-29,510.310,official
2023-03-30,510.320,official
2023-03-31,510.320,official
2023-04-01,510.320,official
2023-04-02,510.310,official
2023-04-03,510.310,official
2023-04-04,510.310,official
2023-04-05,510.300,official
2023-04-06,510.300,official
2023-04-07,510.300,official
2023-04-08,510.290,official
2023-04-09,510.290,official
2023-04-10,510.290,official
2023-04-11,510.280,official
2023-04-12,510.280,official
2023-04-13,510.310,official
2023-04-14,510.310,official
2023-04-15,510.320,official
2023-04-16,510.320,official
2023-04-17,510.320,official
2023-04-18,510.320,official
2023-04-19,510.320,official
2023-04-20,510.340,official
2023-04-21,510.340,official
2023-04-22,510.340,official
2023-04-23,510.340,official
2023-04-24,510.350,official
2023-04-25,510.350,official
2023-04-26,510.360,official
2023-04-27,510.360,official
2023-04-28,510.370,official
2023-04-29,510.420,official
2023-04-30,510.430,official
2023-05-01,510.450,official
2023-05-02,510.480,official
2023-05-03,510.500,official
2023-05-04,510.510,official
2023-05-05,510.510,official
2023-05-06,510.530,official
2023-05-07,510.530,official
2023-05-08,510.530,official
2023-05-09,510.530,official
2023-05-10,510.540,official
2023-05-11,510.570,official
2023-05-12,510.580,official
2023-05-13,510.590,official
2023-05-14,510.610,official
2023-05-15,510.640,official
2023-05-16,510.650,official
2023-05-17,510.660,official
2023-05-18,510.670,official
2023-05-19,510.670,official
2023-05-20,510.670,official
2023-05-21,510.670,official
2023-05-22,510.670,official
2023-05-23,510.670,official
2023-05-24,510.670,official
2023-05-25,510.670,official
2023-05-26,510.660,official
2023-05-27,510.660,official
2023-05-28,510.650,official
2023-05-29,510.640,official
2023-05-30,510.640,official
2023-05-31,510.630,official
2023-06-01,510.620,official
2023-06-02,510.600,official
2023-06-03,510.590,official
2023-06-04,510.580,official
2023-06-05,510.580,official
2023-06-06,510.570,official
2023-06-07,510.560,official
2023-06-08,510.550,official
2023-06-09,510.540,official
2023-06-10,510.540,official
2023-06-11,510.530,official
2023-06-12,510.520,official
2023-06-13,510.510,official
2023-06-14,510.500,official
2023-06-15,510.490,official
2023-06-16,510.470,official
2023-06-17,510.460,official
2023-06-18,510.450,official
2023-06-19,510.450,official
2023-06-20,510.440,official
2023-06-21,510.430,official
2023-06-22,510.420,official
2023-06-23,510.430,official
2023-06-24,510.420,official
2023-06-25,510.420,official
2023-06-26,510.410,official
2023-06-27,510.410,official
2023-06-28,510.410,official
2023-06-29,510.400,official
2023-06-30,510.390,official
2023-07-01,510.400,official
2023-07-02,510.400,official
2023-07-03,510.400,official
2023-07-04,510.390,official
2023-07-05,510.390,official
2023-07-06,510.390,official
2023-07-07,510.380,official
2023-07-08,510.380,official
2023-07-09,510.370,official
2023-07-10,510.370,official
2023-07-11,510.360,official
2023-07-12,510.340,official
2023-07-13,510.340,official
2023-07-14,510.330,official
2023-07-15,510.310,official
2023-07-16,510.310,official
2023-07-17,510.330,official
2023-07-18,510.330,official
2023-07-19,510.330,official
2023-07-20,510.320,official
2023-07-21,510.330,official
2023-07-22,510.340,official
2023-07-23,510.330,official
2023-07-24,510.330,official
2023-07-25,510.330,official
2023-07-26,510.350,official
2023-07-27,510.340,official
2023-07-28,510.340,official
2023-07-29,510.340,official
2023-07-30,510.340,official
2023-07-31,510.340,official
2023-08-01,510.330,official
2023-08-02,510.320,official
2023-08-03,510.320,official
2023-08-04,510.320,official
2023-08-05,510.320,official
2023-08-06,510.320,official
2023-08-07,510.330,official
2023-08-08,510.320,official
2023-08-09,510.310,official
2023-08-10,510.350,official
2023-08-11,510.340,official
2023-08-12,510.330,official
2023-08-13,510.320,official
2023-08-14,510.320,official
2023-08-15,510.310,official
2023-08-16,510.320,official
2023-08-17,510.310,official
2023-08-18,510.300,official
2023-08-19,510.300,official
2023-08-20,510.290,official
2023-08-21,510.280,official
2023-08-22,510.270,official
2023-08-23,510.270,official
2023-08-24,510.260,official
2023-08-25,510.260,official
2023-08-26,510.280,official
2023-08-27,510.310,official
2023-08-28,510.380,official
2023-08-29,510.440,official
2023-08-30,510.480,official
2023-08-31,510.520,official
2023-09-01,510.560,official
2023-09-02,510.580,official
2023-09-03,510.590,official
2023-09-04,510.590,official
2023-09-05,510.580,official
2023-09-06,510.570,official
2023-09-07,510.560,official
2023-09-08,510.550,official
2023-09-09,510.540,official
2023-09-10,510.530,official
2023-09-11,510.520,official
2023-09-12,510.510,official
2023-09-13,510.500,official
2023-09-14,510.500,official
2023-09-15,510.490,official
2023-09-16,510.480,official
2023-09-17,510.470,official
2023-09-18,510.460,official
2023-09-19,510.450,official
2023-09-20,510.440,official
2023-09-21,510.440,official
2023-09-22,510.430,official
2023-09-23,510.430,official
2023-09-24,510.420,official
2023-09-25,510.410,official
2023-09-26,510.400,official
2023-09-27,510.390,official
2023-09-28,510.380,official
2023-09-29,510.370,official
2023-09-30,510.370,official
2023-10-01,510.360,official
2023-10-02,510.350,official
2023-10-03,510.340,official
2023-10-04,510.330,official
2023-10-05,510.330,official
2023-10-06,510.320,official
2023-10-07,510.310,official
2023-10-08,510.300,official
2023-10-09,510.300,official
2023-10-10,510.290,official
2023-10-11,510.280,official
2023-10-12,510.280,official
2023-10-13,510.270,official
2023-10-14,510.260,official
2023-10-15,510.260,official
2023-10-16,510.250,official
2023-10-17,510.250,official
2023-10-18,510.240,official
2023-10-19,510.240,official
2023-10-20,510.230,official
2023-10-21,510.230,official
2023-10-22,510.220,official
2023-10-23,510.220,official
2023-10-24,510.210,official
2023-10-25,510.210,official
2023-10-26,510.210,official
2023-10-27,510.220,official
2023-10-28,510.220,official
2023-10-29,510.210,official
2023-10-30,510.200,official
2023-10-31,510.210,official
2023-11-01,510.200,official
2023-11-02,510.200,official
2023-11-03,510.210,official
2023-11-04,510.210,official
2023-11-05,510.200,official
2023-11-06,510.200,official
2023-11-07,510.190,official
2023-11-08,510.190,official
2023-11-09,510.180,official
2023-11-10,510.180,official
2023-11-11,510.170,official
2023-11-12,510.170,official
2023-11-13,510.210,official
2023-11-14,510.230,official
2023-11-15,510.250,official
2023-11-16,510.250,official
2023-11-17,510.330,official
2023-11-18,510.360,official
2023-11-19,510.450,official
2023-11-20,510.500,official
2023-11-21,510.528,interpolated
2023-11-22,510.555,interpolated
2023-11-23,510.582,interpolated
2023-11-24,510.610,official
2023-11-25,510.610,official
2023-11-26,510.600,official
2023-11-27,510.600,official
2023-11-28,510.630,official
2023-11-29,510.630,official
2023-11-30,510.640,official
2023-12-01,510.680,official
2023-12-02,510.700,official
2023-12-03,510.710,official
2023-12-04,510.720,official
2023-12-05,510.740,official
2023-12-06,510.740,official
2023-12-07,510.750,official
2023-12-08,510.750,official
2023-12-09,510.760,official
2023-12-10,510.810,official
2023-12-11,510.900,official
2023-12-12,510.990,official
2023-12-13,511.070,official
2023-12-14,511.100,official
2023-12-15,511.120,official
2023-12-16,511.140,official
2023-12-17,511.150,official
2023-12-18,511.150,official
2023-12-19,511.140,official
2023-12-20,511.140,official
2023-12-21,511.130,official
2023-12-22,511.150,official
2023-12-23,511.160,official
2023-12-24,511.170,official
2023-12-25,511.200,official
2023-12-26,511.220,official
2023-12-27,511.240,official
2023-12-28,511.240,official
2023-12-29,511.240,official
2023-12-30,511.240,official
2023-12-31,511.230,official
2024-01-01,511.230,official
2024-01-02,511.220,official
2024-01-03,511.210,official
2024-01-04,511.190,official
2024-01-05,511.180,official
2024-01-06,511.190,official
2024-01-07,511.190,official
2024-01-08,511.180,official
2024-01-09,511.180,official
2024-01-10,511.170,official
2024-01-11,511.170,official
2024-01-12,511.170,official
2024-01-13,511.170,official
2024-01-14,511.160,official
2024-01-15,511.160,official
2024-01-16,511.150,official
2024-01-17,511.150,official
2024-01-18,511.170,official
2024-01-19,511.160,official
2024-01-20,511.160,official
2024-01-21,511.180,official
2024-01-22,511.190,official
2024-01-23,511.210,official
2024-01-24,511.210,official
2024-01-25,511.210,official
2024-01-26,511.210,official
2024-01-27,511.210,official
2024-01-28,511.200,official
2024-01-29,511.200,official
2024-01-30,511.190,official
2024-01-31,511.190,official
2024-02-01,511.190,official
2024-02-02,511.190,official
2024-02-03,511.180,official
2024-02-04,511.180,official
2024-02-05,511.170,official
2024-02-06,511.160,official
2024-02-07,511.160,official
2024-02-08,511.150,official
2024-02-09,511.140,official
2024-02-10,511.140,official
2024-02-11,511.130,official
2024-02-12,511.120,official
2024-02-13,511.110,official
2024-02-14,511.100,official
2024-02-15,511.090,official
2024-02-16,511.090,official
2024-02-17,511.080,official
2024-02-18,511.080,official
2024-02-19,511.070,official
2024-02-20,511.070,official
2024-02-21,511.060,official
2024-02-22,511.060,official
2024-02-23,511.070,official
2024-02-24,511.060,official
2024-02-25,511.050,official
2024-02-26,511.050,official
2024-02-27,511.040,official
2024-02-28,511.040,official
2024-02-29,511.040,official
2024-03-01,511.040,official
2024-03-02,511.030,official
2024-03-03,511.030,official
2024-03-04,511.020,official
2024-03-05,511.020,official
2024-03-06,511.020,official
2024-03-07,511.010,official
2024-03-08,511.010,official
2024-03-09,511.000,official
2024-03-10,511.000,official
2024-03-11,510.990,official
2024-03-12,510.980,official
2024-03-13,510.970,official
2024-03-14,510.970,official
2024-03-15,510.960,official
2024-03-16,510.960,official
2024-03-17,510.950,official
2024-03-18,510.950,official
2024-03-19,510.940,official
2024-03-20,510.940,official
2024-03-21,510.930,official
2024-03-22,510.920,official
2024-03-23,510.920,official
2024-03-24,510.920,official
2024-03-25,510.920,official
2024-03-26,510.910,official
2024-03-27,510.910,official
2024-03-28,510.920,official
2024-03-29,510.910,official
2024-03-30,510.910,official
2024-03-31,510.900,official
2024-04-01,510.890,official
2024-04-02,510.890,official
2024-04-03,510.880,official
2024-04-04,510.880,official
2024-04-05,510.880,official
2024-04-06,510.870,official
2024-04-07,510.870,official
2024-04-08,510.860,official
2024-04-09,510.860,official
2024-04-10,510.850,official
2024-04-11,510.850,official
2024-04-12,510.840,official
2024-04-13,510.840,official
2024-04-14,510.830,official
2024-04-15,510.840,official
2024-04-16,510.830,official
2024-04-17,510.840,official
2024-04-18,510.830,official
2024-04-19,510.830,official
2024-04-20,510.830,official
2024-04-21,510.840,official
2024-04-22,510.840,official
2024-04-23,510.840,official
2024-04-24,510.830,official
2024-04-25,510.830,official
2024-04-26,510.820,official
2024-04-27,510.820,official
2024-04-28,510.810,official
2024-04-29,510.810,official
2024-04-30,510.800,official
2024-05-01,510.800,official
2024-05-02,510.800,official
2024-05-03,510.790,official
2024-05-04,510.790,official
2024-05-05,510.780,official
2024-05-06,510.790,official
2024-05-07,510.800,official
2024-05-08,510.800,official
2024-05-09,510.800,official
2024-05-10,510.800,official
2024-05-11,510.790,official
2024-05-12,510.790,official
2024-05-13,510.780,official
2024-05-14,510.780,official
2024-05-15,510.770,official
2024-05-16,510.770,official
2024-05-17,510.770,official
2024-05-18,510.770,official
2024-05-19,510.770,official
2024-05-20,510.770,official
2024-05-21,510.760,official
2024-05-22,510.770,official
2024-05-23,510.770,official
2024-05-24,510.790,official
2024-05-25,510.790,official
2024-05-26,510.790,official
2024-05-27,510.790,official
2024-05-28,510.830,official
2024-05-29,510.820,official
2024-05-30,510.840,official
2024-05-31,510.860,official
2024-06-01,511.010,official
2024-06-02,511.190,official
2024-06-03,511.340,official
2024-06-04,511.410,official
2024-06-05,511.440,official
2024-06-06,511.450,official
2024-06-07,511.450,official
2024-06-08,511.450,official
2024-06-09,511.450,official
2024-06-10,511.460,official
2024-06-11,511.440,official
2024-06-12,511.430,official
2024-06-13,511.420,official
2024-06-14,511.410,official
2024-06-15,511.400,official
2024-06-16,511.380,official
2024-06-17,511.370,official
2024-06-18,511.370,official
2024-06-19,511.360,official
2024-06-20,511.350,official
2024-06-21,511.340,official
2024-06-22,511.340,official
2024-06-23,511.330,official
2024-06-24,511.320,official
2024-06-25,511.310,official
2024-06-26,511.300,official
2024-06-27,511.300,official
2024-06-28,511.290,official
2024-06-29,511.280,official
2024-06-30,511.260,official
2024-07-01,511.260,official
2024-07-02,511.260,official
2024-07-03,511.250,official
2024-07-04,511.240,official
2024-07-05,511.230,official
2024-07-06,511.230,official
2024-07-07,511.240,official
2024-07-08,511.240,official
2024-07-09,511.230,official
2024-07-10,511.220,official
2024-07-11,511.220,official
2024-07-12,511.210,official
2024-07-13,511.210,official
2024-07-14,511.210,official
2024-07-15,511.200,official
2024-07-16,511.210,official
2024-07-17,511.200,official
2024-07-18,511.190,official
2024-07-19,511.190,official
2024-07-20,511.180,official
2024-07-21,511.170,official
2024-07-22,511.180,official
2024-07-23,511.170,official
2024-07-24,511.170,official
2024-07-25,511.170,official
2024-07-26,511.160,official
2024-07-27,511.150,official
2024-07-28,511.150,official
2024-07-29,511.140,official
2024-07-30,511.130,official
2024-07-31,511.130,official
2024-08-01,511.130,official
2024-08-02,511.120,official
2024-08-03,511.130,official
2024-08-04,511.120,official
2024-08-05,511.120,official
2024-08-06,511.110,official
2024-08-07,511.100,official
2024-08-08,511.100,official
2024-08-09,511.100,official
2024-08-10,511.090,official
2024-08-11,511.090,official
2024-08-12,511.080,official
2024-08-13,511.070,official
2024-08-14,511.070,official
2024-08-15,511.070,official
2024-08-16,511.060,official
2024-08-17,511.060,official
2024-08-18,511.060,official
2024-08-19,511.120,official
2024-08-20,511.120,official
2024-08-21,511.120,official
2024-08-22,511.130,official
2024-08-23,511.130,official
2024-08-24,511.130,official
2024-08-25,511.130,official
2024-08-26,511.140,official
2024-08-27,511.130,official
2024-08-28,511.130,official
2024-08-29,511.130,official
2024-08-30,511.130,official
2024-08-31,511.120,official
2024-09-01,511.120,official
2024-09-02,511.120,official
2024-09-03,511.110,official
2024-09-04,511.110,official
2024-09-05,511.130,official
2024-09-06,511.120,official
2024-09-07,511.120,official
2024-09-08,511.120,official
2024-09-09,511.150,official
2024-09-10,511.140,official
2024-09-11,511.140,official
2024-09-12,511.150,official
2024-09-13,511.160,official
2024-09-14,511.260,official
2024-09-15,511.350,official
2024-09-16,511.460,official
2024-09-17,511.650,official
2024-09-18,511.810,official
2024-09-19,511.870,official
2024-09-20,511.900,official
2024-09-21,511.910,official
2024-09-22,511.900,official
2024-09-23,511.900,official
2024-09-24,511.900,official
2024-09-25,511.890,official
2024-09-26,511.880,official
2024-09-27,511.880,official
2024-09-28,511.890,official
2024-09-29,511.880,official
2024-09-30,511.880,official
2024-10-01,511.870,official
2024-10-02,511.880,official
2024-10-03,511.870,official
2024-10-04,511.870,official
2024-10-05,511.880,official
2024-10-06,511.880,official
2024-10-07,511.880,official
2024-10-08,511.890,official
2024-10-09,511.910,official
2024-10-10,511.910,official
2024-10-11,511.910,official
2024-10-12,511.910,official
2024-10-13,511.910,official
2024-10-14,511.900,official
2024-10-15,511.900,official
2024-10-16,511.900,official
2024-10-17,511.890,official
2024-10-18,511.880,official
2024-10-19,511.880,official
2024-10-20,511.870,official
2024-10-21,511.860,official
2024-10-22,511.850,official
2024-10-23,511.840,official
2024-10-24,511.840,official
2024-10-25,511.830,official
2024-10-26,511.820,official
2024-10-27,511.820,official
2024-10-28,511.810,official
2024-10-29,511.800,official
2024-10-30,511.790,official
2024-10-31,511.780,official
2024-11-01,511.780,official
2024-11-02,511.770,official
2024-11-03,511.760,official
2024-11-04,511.750,official
2024-11-05,511.750,official
2024-11-06,511.740,official
2024-11-07,511.730,official
2024-11-08,511.730,official
2024-11-09,511.720,official
2024-11-10,511.710,official
2024-11-11,511.700,official
2024-11-12,511.700,official
2024-11-13,511.690,official
2024-11-14,511.690,official
2024-11-15,511.680,official
2024-11-16,511.670,official
2024-11-17,511.670,official
2024-11-18,511.660,official
2024-11-19,511.660,official
2024-11-20,511.670,official
2024-11-21,511.660,official
2024-11-22,511.660,official
2024-11-23,511.650,official
2024-11-24,511.650,official
2024-11-25,511.640,official
2024-11-26,511.640,official
2024-11-27,511.630,official
2024-11-28,511.640,official
2024-11-29,511.640,official
2024-11-30,511.630,official
2024-12-01,511.630,official
2024-12-02,511.620,official
2024-12-03,511.620,official
2024-12-04,511.620,official
2024-12-05,511.620,official
2024-12-06,511.620,official
2024-12-07,511.620,official
2024-12-08,511.620,official
2024-12-09,511.630,official
2024-12-10,511.640,official
2024-12-11,511.640,official
2024-12-12,511.650,official
2024-12-13,511.660,official
2024-12-14,511.670,official
2024-12-15,511.680,official
2024-12-16,511.680,official
2024-12-17,511.680,official
2024-12-18,511.680,official
2024-12-19,511.680,official
2024-12-20,511.680,official
2024-12-21,511.670,official
2024-12-22,511.690,official
2024-12-23,511.690,official
2024-12-24,511.690,official
2024-12-25,511.690,official
2024-12-26,511.700,official
2024-12-27,511.700,official
2024-12-28,511.700,official
2024-12-29,511.710,official
2024-12-30,511.710,official
2024-12-31,511.710,official
2025-01-01,511.700,official
2025-01-02,511.700,official
2025-01-03,511.710,official
2025-01-04,511.710,official
2025-01-05,511.720,official
2025-01-06,511.740,official
2025-01-07,511.750,official
2025-01-08,511.760,official
2025-01-09,511.790,official
2025-01-10,511.830,official
2025-01-11,511.860,official
2025-01-12,511.880,official
2025-01-13,511.900,official
2025-01-14,511.900,official
2025-01-15,511.910,official
2025-01-16,511.910,official
2025-01-17,511.910,official
2025-01-18,511.910,official
2025-01-19,511.900,official
2025-01-20,511.900,official
2025-01-21,511.900,official
2025-01-22,511.890,official
2025-01-23,511.890,official
2025-01-24,511.880,official
2025-01-25,511.880,official
2025-01-26,511.870,official
2025-01-27,511.870,official
2025-01-28,511.880,official
2025-01-29,511.880,official
2025-01-30,511.880,official
2025-01-31,511.870,official
2025-02-01,511.880,official
2025-02-02,511.880,official
2025-02-03,511.880,official
2025-02-04,511.880,official
2025-02-05,511.880,official
2025-02-06,511.880,official
2025-02-07,511.870,official
2025-02-08,511.870,official
2025-02-09,511.870,official
2025-02-10,511.860,official
2025-02-11,511.860,official
2025-02-12,511.850,official
2025-02-13,511.850,official
2025-02-14,511.850,official
2025-02-15,511.850,official
2025-02-16,511.840,official
2025-02-17,511.840,official
2025-02-18,511.830,official
2025-02-19,511.830,official
2025-02-20,511.820,official
2025-02-21,511.810,official
2025-02-22,511.810,official
2025-02-23,511.800,official
2025-02-24,511.800,official
2025-02-25,511.790,official
2025-02-26,511.790,official
2025-02-27,511.790,official
2025-02-28,511.780,official
2025-03-01,511.770,official
2025-03-02,511.770,official
2025-03-03,511.760,official
2025-03-04,511.760,official
2025-03-05,511.750,official
2025-03-06,511.750,official
2025-03-07,511.740,official
2025-03-08,511.740,official
2025-03-09,511.730,official
2025-03-10,511.730,official
2025-03-11,511.720,official
2025-03-12,511.720,official
2025-03-13,511.720,official
2025-03-14,511.720,official
2025-03-15,511.720,official
2025-03-16,511.710,official
2025-03-17,511.710,official
2025-03-18,511.700,official
2025-03-19,511.700,official
2025-03-20,511.690,official
2025-03-21,511.690,official
2025-03-22,511.680,official
2025-03-23,511.680,official
2025-03-24,511.670,official
2025-03-25,511.670,official
2025-03-26,511.670,official
2025-03-27,511.660,official
2025-03-28,511.660,official
2025-03-29,511.660,official
2025-03-30,511.660,official
2025-03-31,511.660,official
2025-04-01,511.650,official
2025-04-02,511.650,official
2025-04-03,511.640,official
2025-04-04,511.640,official
2025-04-05,511.640,official
2025-04-06,511.630,official
2025-04-07,511.620,official
2025-04-08,511.620,official
2025-04-09,511.610,official
2025-04-10,511.610,official
2025-04-11,511.600,official
2025-04-12,511.600,official
2025-04-13,511.590,official
2025-04-14,511.590,official
2025-04-15,511.580,official
2025-04-16,511.580,official
2025-04-17,511.580,official
2025-04-18,511.580,official
2025-04-19,511.570,official
2025-04-20,511.570,official
2025-04-21,511.560,official
2025-04-22,511.560,official
2025-04-23,511.550,official
2025-04-24,511.550,official
2025-04-25,511.550,official
2025-04-26,511.550,official
2025-04-27,511.540,official
2025-04-28,511.540,official
2025-04-29,511.530,official
2025-04-30,511.530,official
2025-05-01,511.520,official
2025-05-02,511.520,official
2025-05-03,511.510,official
2025-05-04,511.510,official
2025-05-05,511.520,official
2025-05-06,511.520,official
2025-05-07,511.520,official
2025-05-08,511.520,official
2025-05-09,511.510,official
2025-05-10,511.510,official
2025-05-11,511.500,official
2025-05-12,511.500,official
2025-05-13,511.490,official
2025-05-14,511.490,official
2025-05-15,511.480,official
2025-05-16,511.470,official
2025-05-17,511.460,official
2025-05-18,511.450,official
2025-05-19,511.450,official
2025-05-20,511.440,official
2025-05-21,511.440,official
2025-05-22,511.430,official
2025-05-23,511.420,official
2025-05-24,511.410,official
2025-05-25,511.410,official
2025-05-26,511.420,official
2025-05-27,511.430,official
2025-05-28,511.430,official
2025-05-29,511.430,official
2025-05-30,511.420,official
2025-05-31,511.420,official
2025-06-01,511.410,official
2025-06-02,511.410,official
2025-06-03,511.430,official
2025-06-04,511.420,official
2025-06-05,511.420,official
2025-06-06,511.420,official
2025-06-07,511.420,official
2025-06-08,511.420,official
2025-06-09,511.420,official
2025-06-10,511.410,official
2025-06-11,511.410,official
2025-06-12,511.400,official
2025-06-13,511.390,official
2025-06-14,511.380,official
2025-06-15,511.380,official
2025-06-16,511.380,official
2025-06-17,511.360,official
2025-06-18,511.360,official
2025-06-19,511.340,official
2025-06-20,511.330,official
2025-06-21,511.320,official
2025-06-22,511.310,official
2025-06-23,511.310,official
2025-06-24,511.300,official
2025-06-25,511.290,official
2025-06-26,511.290,official
2025-06-27,511.300,official
2025-06-28,511.300,official
2025-06-29,511.300,official
2025-06-30,511.300,official
2025-07-01,511.300,official
2025-07-02,511.300,official
2025-07-03,511.290,official
2025-07-04,511.290,official
2025-07-05,511.280,official
2025-07-06,511.280,official
2025-07-07,511.280,official
2025-07-08,511.310,official
2025-07-09,511.300,official
2025-07-10,511.300,official
2025-07-11,511.300,official
2025-07-12,511.290,official
2025-07-13,511.290,official
2025-07-14,511.280,official
2025-07-15,511.280,official
2025-07-16,511.280,official
2025-07-17,511.290,official
2025-07-18,511.280,official
2025-07-19,511.280,official
2025-07-20,511.270,official
2025-07-21,511.290,official
2025-07-22,511.290,official
2025-07-23,511.280,official
2025-07-24,511.310,official
2025-07-25,511.320,official
2025-07-26,511.330,official
2025-07-27,511.330,official
2025-07-28,511.330,official
2025-07-29,511.330,official
2025-07-30,511.330,official
2025-07-31,511.340,official
2025-08-01,511.330,official
2025-08-02,511.360,official
2025-08-03,511.430,official
2025-08-04,511.480,official
2025-08-05,511.520,official
2025-08-06,511.540,official
2025-08-07,511.550,official
2025-08-08,511.550,official
2025-08-09,511.540,official
2025-08-10,511.540,official
2025-08-11,511.530,official
2025-08-12,511.520,official
2025-08-13,511.520,official
2025-08-14,511.510,official
2025-08-15,511.500,official
2025-08-16,511.500,official
2025-08-17,511.490,official
2025-08-18,511.490,official
2025-08-19,511.470,official
2025-08-20,511.460,official
2025-08-21,511.450,official
2025-08-22,511.450,official
2025-08-23,511.450,official
2025-08-24,511.440,official
2025-08-25,511.430,official
2025-08-26,511.420,official
2025-08-27,511.410,official
2025-08-28,511.400,official
2025-08-29,511.430,official
2025-08-30,511.430,official
2025-08-31,511.420,official
2025-09-01,511.420,official
2025-09-02,511.420,official
2025-09-03,511.410,official
2025-09-04,511.400,official
2025-09-05,511.410,official
2025-09-06,511.400,official
2025-09-07,511.400,official
2025-09-08,511.390,official
2025-09-09,511.380,official
2025-09-10,511.380,official
2025-09-11,511.370,official
2025-09-12,511.360,official
2025-09-13,511.360,official
2025-09-14,511.360,official
2025-09-15,511.350,official
2025-09-16,511.340,official
2025-09-17,511.340,official
2025-09-18,511.330,official
2025-09-19,511.320,official
2025-09-20,511.310,official
2025-09-21,511.310,official
2025-09-22,511.300,official
2025-09-23,511.290,official
2025-09-24,511.290,official
2025-09-25,511.290,official
2025-09-26,511.280,official
2025-09-27,511.270,official
2025-09-28,511.270,official
2025-09-29,511.260,official
2025-09-30,511.250,official
2025-10-01,511.250,official
2025-10-02,511.240,official
2025-10-03,511.240,official
2025-10-04,511.230,official
2025-10-05,511.230,official
2025-10-06,511.240,official
2025-10-07,511.240,official
2025-10-08,511.240,official
2025-10-09,511.230,official
2025-10-10,511.230,official
2025-10-11,511.220,official
2025-10-12,511.220,official
2025-10-13,511.210,official
2025-10-14,511.200,official
2025-10-15,511.200,official
2025-10-16,511.190,official
2025-10-17,511.190,official
2025-10-18,511.180,official
2025-10-19,511.170,official
2025-10-20,511.170,official
2025-10-21,511.160,official
2025-10-22,511.160,official
2025-10-23,511.150,official
2025-10-24,511.150,official
2025-10-25,511.150,official
2025-10-26,511.150,official
2025-10-27,511.140,official
2025-10-28,511.140,official
2025-10-29,511.140,official
2025-10-30,511.130,official
2025-10-31,511.120,official
2025-11-01,511.120,official
2025-11-02,511.130,official
2025-11-03,511.140,official
2025-11-04,511.130,official
2025-11-05,511.130,official
2025-11-06,511.120,official
2025-11-07,511.120,official
2025-11-08,511.120,official
2025-11-09,511.110,official
2025-11-10,511.110,official
2025-11-11,511.110,official
2025-11-12,511.100,official
2025-11-13,511.100,official
2025-11-14,511.090,official
2025-11-15,511.090,official
2025-11-16,511.080,official
2025-11-17,511.080,official
2025-11-18,511.080,official
2025-11-19,511.070,official
2025-11-20,511.070,official
2025-11-21,511.060,official
2025-11-22,511.060,official
2025-11-23,511.050,official
2025-11-24,511.060,official
2025-11-25,511.070,official
2025-11-26,511.070,official
2025-11-27,511.080,official
2025-11-28,511.080,official
2025-11-29,511.090,official
2025-11-30,511.090,official
2025-12-01,511.100,official
2025-12-02,511.100,official
2025-12-03,511.100,official
2025-12-04,511.100,official
2025-12-05,511.090,official
2025-12-06,511.090,official
2025-12-07,511.090,official
2025-12-08,511.110,official
2025-12-09,511.110,official
2025-12-10,511.120,official
2025-12-11,511.130,official
2025-12-12,511.140,official
2025-12-13,511.140,official
2025-12-14,511.150,official
2025-12-15,511.140,official
2025-12-16,511.140,official
2025-12-17,511.140,official
2025-12-18,511.130,official
2025-12-19,511.130,official
2025-12-20,511.120,official
2025-12-21,511.110,official
2025-12-22,511.110,official
2025-12-23,511.100,official
2025-12-24,511.100,official
2025-12-25,511.090,official
2025-12-26,511.080,official
2025-12-27,511.070,official
2025-12-28,511.070,official
2025-12-29,511.060,official
2025-12-30,511.050,official
2025-12-31,511.050,official
2026-01-01,511.040,official
2026-01-02,511.040,official
2026-01-03,511.030,official
2026-01-04,511.030,official
2026-01-05,511.020,official
2026-01-06,511.020,official
2026-01-07,511.010,official
2026-01-08,511.000,official
2026-01-09,511.010,official
2026-01-10,511.000,official
2026-01-11,511.000,official
2026-01-12,510.990,official
2026-01-13,511.000,official
2026-01-14,511.000,official
2026-01-15,510.990,official
2026-01-16,510.990,official
2026-01-17,510.990,official
2026-01-18,510.980,official
2026-01-19,510.980,official
2026-01-20,510.970,official
2026-01-21,510.970,official
2026-01-22,510.960,official
2026-01-23,510.950,official
2026-01-24,510.950,official
2026-01-25,510.940,official
2026-01-26,510.940,official
2026-01-27,510.940,official
2026-01-28,510.930,official
2026-01-29,510.930,official
2026-01-30,510.930,official
2026-01-31,510.920,official
2026-02-01,510.920,official
2026-02-02,510.910,official
2026-02-03,510.910,official
2026-02-04,510.900,official
2026-02-05,510.900,official
2026-02-06,510.890,official
2026-02-07,510.890,official
2026-02-08,510.880,official
2026-02-09,510.880,official
2026-02-10,510.870,official
2026-02-11,510.870,official
2026-02-12,510.870,official
2026-02-13,510.870,official
2026-02-14,510.870,official
2026-02-15,510.870,official
2026-02-16,510.880,official
2026-02-17,510.890,official
2026-02-18,510.890,official
2026-02-19,510.900,official
2026-02-20,510.920,official
2026-02-21,510.940,official
2026-02-22,510.970,official
2026-02-23,511.010,official
2026-02-24,511.070,official
2026-02-25,511.110,official
2026-02-26,511.160,official
2026-02-27,511.190,official
2026-02-28,511.210,official
2026-03-01,511.210,official
2026-03-02,511.210,official
2026-03-03,511.210,official
2026-03-04,511.200,official
2026-03-05,511.200,official
2026-03-06,511.190,official
2026-03-07,511.180,official
2026-03-08,511.180,official
2026-03-09,511.170,official
2026-03-10,511.160,official
2026-03-11,511.150,official
2026-03-12,511.140,official
2026-03-13,511.140,official
2026-03-14,511.130,official
2026-03-15,511.120,official
2026-03-16,511.110,official
2026-03-17,511.110,official
2026-03-18,511.100,official
2026-03-19,511.090,official
2026-03-20,511.090,official
2026-03-21,511.080,official
2026-03-22,511.070,official
2026-03-23,511.060,official
2026-03-24,511.050,official
2026-03-25,511.040,official
2026-03-26,511.030,official
2026-03-27,511.020,official
2026-03-28,511.010,official
2026-03-29,511.010,official
2026-03-30,511.000,official
2026-03-31,511.000,official
2026-04-01,510.990,official
2026-04-02,510.980,official
2026-04-03,510.970,official
2026-04-04,510.970,official
2026-04-05,510.960,official
2026-04-06,510.950,official
2026-04-07,510.940,official
2026-04-08,510.930,official
2026-04-09,510.930,official
2026-04-10,510.920,official
2026-04-11,510.910,official
2026-04-12,510.900,official
2026-04-13,510.900,official
2026-04-14,510.890,official
2026-04-15,510.880,official
2026-04-16,510.880,official
2026-04-17,510.870,official
2026-04-18,510.860,official
2026-04-19,510.860,official
2026-04-20,510.850,official
2026-04-21,510.840,official
2026-04-22,510.840,official
2026-04-23,510.830,official
2026-04-24,510.820,official
2026-04-25,510.810,official
2026-04-26,510.800,official
2026-04-27,510.780,official
2026-04-28,510.770,official
2026-04-29,510.760,official
2026-04-30,510.760,official
2026-05-01,510.750,official
2026-05-02,510.750,official
2026-05-03,510.740,official
2026-05-04,510.730,official
2026-05-05,510.720,official
2026-05-06,510.720,official
2026-05-07,510.720,official
2026-05-08,510.710,official
2026-05-09,510.710,official
2026-05-10,510.700,official
2026-05-11,510.690,official
2026-05-12,510.690,official
2026-05-13,510.680,official
2026-05-14,510.670,official
2026-05-15,510.680,official
2026-05-16,510.700,official
2026-05-17,510.690,official
2026-05-18,510.680,official
2026-05-19,510.680,official
2026-05-20,510.670,official
2026-05-21,510.670,official
2026-05-22,510.660,official
2026-05-23,510.660,official
2026-05-24,510.650,official
2026-05-25,510.640,official
2026-05-26,510.640,official
2026-05-27,510.630,official
2026-05-28,510.620,official
2026-05-29,510.610,official
2026-05-30,510.600,official
2026-05-31,510.590,official
2026-06-01,510.590,official
2026-06-02,510.580,official
2026-06-03,510.570,official
2026-06-04,510.570,official
2026-06-05,510.570,official
2026-06-06,510.560,official
2026-06-07,510.560,official
2026-06-08,510.550,official
2026-06-09,510.550,official
2026-06-10,510.560,official
2026-06-11,510.560,official
2026-06-12,510.560,official
2026-06-13,510.560,official
2026-06-14,510.550,official
2026-06-15,510.540,official
2026-06-16,510.540,official
2026-06-17,510.530,official
2026-06-18,510.530,official
2026-06-19,510.520,official
2026-06-20,510.510,official
2026-06-21,510.510,official
2026-06-22,510.500,official
2026-06-23,510.490,official
2026-06-24,510.480,official
2026-06-25,510.470,official
2026-06-26,510.460,official
2026-06-27,510.440,official
2026-06-28,510.430,official
2026-06-29,510.420,official
2026-06-30,510.430,official
2026-07-01,510.450,official
2026-07-02,510.470,official
2026-07-03,510.460,official
2026-07-04,510.450,official
2026-07-05,510.450,official
2026-07-06,510.460,official
2026-07-07,510.450,official
2026-07-08,510.440,official
2026-07-09,510.430,official
2026-07-10,510.420,official
2026-07-11,510.410,official
2026-07-12,510.400,official
2026-07-13,510.390,official
2026-07-14,510.380,official
2026-07-15,510.380,official
2026-07-16,510.370,official
2026-07-17,510.370,official
2026-07-18,510.360,official
2026-07-19,510.360,official
2026-07-20,510.350,official
2026-07-21,510.340,official
2026-07-22,510.330,official
2026-07-23,510.320,official
2026-07-24,510.300,official
